{
  "project_info": {
    "project_number": "421452063753",
    "project_id": "taskmate-dd8b5",
    "storage_bucket": "taskmate-dd8b5.firebasestorage.app"
  },
  "client": [
    {
      "client_info": {
        "mobilesdk_app_id": "1:421452063753:android:405c6a537eff3d4d6504d8",
        "android_client_info": {
          "package_name": "com.example.taskmate"
        }
      },
      "oauth_client": [],
      "api_key": [
        {
          "current_key": "AIzaSyBfAr8Vammzc5b9MlBzbLUpXTNCs0pjMRg"
        }
      ],
      "services": {
        "appinvite_service": {
          "other_platform_oauth_client": []
        }
      }
    }
  ],
  "configuration_version": "1"
}